index,song,kr_song,kr_song_proxy,composer,kr_composer,bpm,main_bpm,version,song_type
CS683,STAGER,스테이저,스테이져,Ras,Ras,146,146,PHOENIX,Arcade
CS360,Little Munchkin,리틀 먼치킨,리틀 먼치킨,Castellia,Castellia,180,180,PHOENIX,Arcade
CS362,Sudden Appearance Image,서든 어페어런스 이미지,서든 어피어런스 이미지,Blacklolita,Blacklolita,170,170,PHOENIX,Arcade
CS823,TOMBOY,톰보이,톰보이,(G)I-DLE,N/A,124,124,PHOENIX,Arcade
CS361,"Simon Says, EURODANCE!! (feat. Sara☆M)","사이먼 세이즈, 유로댄스!! (feat. Sara☆M)",사이몬 세이즈,Jehezukiel☆KAZEMURA☆Hideky,Jehezukiel☆KAZEMURA☆Hideky,157,157,PHOENIX,Arcade
CS815,After LIKE,애프터 라이크,애프터 라이크,IVE,아이브,125,125,PHOENIX,Arcade
CS359,See,시,시,Doin,Doin,293,293,PHOENIX,Arcade
CS342,Euphorianic,유포리아닉,유포리아닉,SHK,SHK,140,140,PHOENIX,Arcade
CS821,ELEVEN,일레븐,일레븐,IVE,아이브,120,120,PHOENIX,Arcade
CS824,PANDORA,판도라,판도라,MAVE:,메이브,75,75,PHOENIX,Arcade
CS357,Flavor Step!,플레이버 스텝!,플레이버 스텝!,EmoCosine,EmoCosine,150,150,PHOENIX,Arcade
CS812,Teddy Bear,테디베어,테디베어,STAYC,스테이씨,119,119,PHOENIX,Arcade
CS811,Nxde,누드,누드,(G)I-DLE,N/A,136,136,PHOENIX,Arcade
CS358,Bluish Rose,블루이쉬 로즈,블루이쉬 로즈,WyvernP,WyvernP,130,130,PHOENIX,Arcade
CS356,Curiosity Overdrive,큐리아서티 오버드라이브,큐리어시티 오버드라이브,t+pazolite,N/A,192,192,PHOENIX,Arcade
CS682,TRICKL4SH 220,트릭크래쉬 220,트릭래쉬,Lite Show Magic,Lite Show Magic,220,220,PHOENIX,Arcade
CS355,Yo! Say!! Fairy!!!,요! 세이!! 페어리!!!,요! 세이!! 페어리!!!,MYUKKE.,MYUKKE.,150,150,PHOENIX,Arcade
CS680,iRELLiA,이렐리아,이렐리아,HyuN,HyuN,204,204,PHOENIX,Arcade
CS017,Beethoven Virus,베토벤 바이러스,베토벤 바이러스,BanYa,반야,162,162,1st - Zero,Arcade
CS354,Neo Catharsis,네오 카타르시스,네오 카타르시스,TAG underground overlay,TAG underground overlay,120~300,120~300,PHOENIX,Arcade
CS810,BOCA,보카,보카,Dreamcatcher,드림캐쳐,200,200,PHOENIX,Arcade
CS669,MilK,밀크,밀크,Morimori Atsushi,Morimori Atsushi,150,150,PHOENIX,Arcade
CS681,PUPA,푸파,푸파,Morimori Atsushi,Morimori Atsushi,202,202,PHOENIX,Arcade
CS633,Bad Apple!! feat. Nomico,배드 애플!! feat. Nomico,배드 애플!! feat. Nomico,Masayoshi Minoshima,Masayoshi Minoshima,138,138,PRIME - PRIME 2,Arcade
CS671,Pneumonoultramicroscopicsilicovolcanoconiosis ft. Kagamine Len/GUMI,진폐증 ft. Kagamine Len/GUMI,진폐증 ft. Kagamine Len/GUMI,DASU,DASU,156,156,PHOENIX,Arcade
CS351,Halloween Party ~Multiverse~,할로윈 파티 ~Multiverse~,할로윈 파티 ~Multiverse~,SHK,SHK,160,160,PHOENIX,Arcade
CS818,Airplane,비행기,비행기,TYPHOON,타이푼,120,120,PHOENIX,Arcade
CS814,Amor Fati,아모르 파티,아모르 파티,Yeon Ja Kim,김연자,134,134,PHOENIX,Arcade
CS344,Etude Op 10-4,추격,추격,MAX,MAX,176,176,PHOENIX,Arcade
CS339,VECTOR,벡터,벡터,Zekk,Zekk,178,178,PHOENIX,Arcade
CS348,MURDOCH,머독,머독,WONDERTRAVELER Project,WONDERTRAVELER Project,179,179,PHOENIX,Arcade
CS670,Acquire,어콰이어,어콰이어,ryhki,ryhki,155,155,PHOENIX,Arcade
CS817,STORM,스톰,스톰,KOYOTE,코요태,139,139,PHOENIX,Arcade
CS340,Versailles,베르사이유,베르사유,HyuN & MIIM,HyuN & MIIM,160~175,160~175,PHOENIX,Arcade
CS666,GOODTEK,굿텍,굿텍,EBIMAYO,EBIMAYO,190,190,PHOENIX,Arcade
CS679,Viyella's Nightmare,비옐라의 악몽,비엘라의 악몽,Laur,Laur,220,220,PHOENIX,Arcade
CS674,GOODBOUNCE,굿바운스,굿바운스,EBIMAYO,EBIMAYO,180,180,PHOENIX,Arcade
CS819,Pirate,파이렛,파이렛,EVERGLOW,에버글로우,130,130,PHOENIX,Arcade
CS820,WHISPER,위스퍼,위스퍼,THE BOYZ,더보이즈,96,96,PHOENIX,Arcade
CS675,R.I.P,R.I.P,R.I.P,eicateve,eicateve,192,192,PHOENIX,Arcade
CS668,Energy Synergy Matrix,에너지 시너지 매트릭스,ESM,Tanchiky,Tanchiky,160,160,PHOENIX,Arcade
CS661,BRAIN POWER,브레인 파워,브레인 파워,NOMA,NOMA,170~173,170~173,XX,Arcade
CS353,Barber's Madness,바버스 매드니스,이발사의 광기,Klass E,Klass E,195,195,PHOENIX,Arcade
CS650,8 6,8 6,86,DASU,DASU,167,167,XX,Arcade
CS678,Aragami,아라가미,아라가미,xi,xi,48~196,48~196,PHOENIX,Arcade
CS809,YOU AND I,유 앤 아이,유앤아이,Dreamcatcher,드림캐쳐,194,194,XX,Arcade
CS672,Altale,알테일,알테일,sakuzyo,Sakuzyo,90,90,PHOENIX,Arcade
CS346,KUGUTSU,꼭두각시,꼭두각시,onoken,onoken,220,220,PHOENIX,Arcade
CS345,BOOOM!!,붐!!,붐!!,RiraN,RiraN,160,160,PHOENIX,Arcade
CS306,Switronic,스위트로닉,스위트로닉,SHK,SHK,120~170,120~170,XX,Arcade
CS804,GOOD NIGHT,굿 나이트,굿 나이트,Dreamcatcher,드림캐쳐,196,196,PRIME - PRIME 2,Arcade
CS645,Mopemope,모페모페,자폐자폐,LeaF,LeaF,100,100,XX,Arcade
CS275,Wedding Crashers,웨딩 크래셔,웨딩 크래셔,SHK,SHK,165,165,XX,Arcade
CS803,Chase Me,체이스 미,체이스 미,Dreamcatcher,드림캐쳐,200,200,PRIME - PRIME 2,Arcade
CS341,Showdown,쇼다운,쇼다운,litmus*,litmus*,130,130,PHOENIX,Arcade
CS676,BATTLE NO.1,배틀 넘버원,배틀 넘버원,TANO*C Sound Team,N/A,200,200,PHOENIX,Arcade
CS822,Spray,스프레이,스프레이,WEi,위아이,92,92,PHOENIX,Arcade
CS805,Jogging,조깅,조깅,LUCY,루시,138,138,XX,Arcade
CS347,Ghroth,그로스,그로스,nato,나토,212,212,PHOENIX,Arcade
CS806,Full Moon,풀 문,풀 문,Dreamcatcher,드림캐쳐,190,190,XX,Arcade
CS343,Jupin,쥬핀,주핀,Sobrem,Sobrem,173,173,PHOENIX,Arcade
CS186,Super Fantasy,슈퍼 판타지,슈퍼 판타지,SHK,SHK,145,145,PRIME - PRIME 2,Arcade
CS352,Lacrimosa,라크리모사,라크리모사,Fiverwater,Fiverwater,210,210,PHOENIX,Arcade
CS813,Alone,얼론,얼론,Highlight,하이라이트,115,115,PHOENIX,Arcade
CS664,Ultimatum,얼티메이텀,얼티메이텀,Cosmograph,코스모그래프,202,202,XX,Arcade
CS677,Galaxy Collapse,갤럭시 컬랩스,갤럭시 콜랩스,Kurokotei,Kurokotei,150~320,150~320,PHOENIX,Arcade
CS816,Beautiful Liar,뷰티플라이어,뷰티플라이어,MONSTA X,몬스타엑스,130,130,PHOENIX,Arcade
CS349,CHAOS AGAIN,카오스 어게인,카오스 어게인,NAOKI underground -Ω-,NAOKI underground -Ω-,150~260,150~260,PHOENIX,Arcade
CS187,Violet Perfume,바이올렛 퍼퓸,바이올렛 퍼퓸,SHK,SHK,140,140,PRIME - PRIME 2,Arcade
CS808,Fly high,날아올라,날아올라,Dreamcatcher,드림캐쳐,154,154,XX,Arcade
CS673,Halcyon,할시온,할시온,xi,xi,40~191,40~191,PHOENIX,Arcade
CS192,Sugar Conspiracy Theory,설탕음모론,설탕음모론,MAX,MAX,170,170,PRIME - PRIME 2,Arcade
CS296,Papasito (feat. KuTiNA),파파시토 (feat. KuTiNA),파파시토 (feat. KuTiNA),Yakikaze & Cashew,Yakikaze & Cashew,128,128,XX,Arcade
CS113,Sorceress Elise,소서리스 엘리제,소서리스 엘리제,YAHPP,이 얍,158,158,FIESTA - FIESTA 2,Arcade
CS802,Dignity,디그니티,디그니티,Crash,크래쉬,195,195,1st - Zero,Arcade
CS350,Lohxia,록시아,록씨아,The Musical Ghost,The Musical Ghost,155,155,PHOENIX,Arcade
CS663,GLORIA,글로리아,글로리아,Croire,Croire,245,245,XX,Arcade
CS266,Cross Over feat. LyuU,크로스 오버 feat. LyuU,크로스 오버 feat. LyuU,HyuN,HyuN,200,200,PRIME - PRIME 2,Arcade
CS164,Follow me,팔로우 미,팔로우 미,SHK,SHK,155,155,FIESTA - FIESTA 2,Arcade
CS165,Yeo rae a,여래아,여래아,SID-SOUND,시드사운드,90,90,FIESTA - FIESTA 2,Arcade
CS639,Nakakapagpabagabag,꺼림칙한,꺼림칙한,Dasu feat. Kagamine Len,Dasu feat. 카가미네 렌,145,145,PRIME - PRIME 2,Arcade
CS655,F(R)IEND,프렌드,프렌드,D_AAN,D_AAN,200,200,XX,Arcade
CS225,Sarabande,사라반드,사라반드,MAX,MAX,157,157,PRIME - PRIME 2,Arcade
CS290,Dement ~After Legend~,디멘트 ~에프터 레전드~,디멘트 ~에프터 레전드~,Lunatic Sounds,루나틱 사운즈,210,210,XX,Arcade
CS074,Chimera,키메라,키메라,YAHPP,이 얍,210,210,NX - NXA,Arcade
CS601,Gargoyle,가고일,가고일,Sanxion7,Sanxion7,150,150,FIESTA - FIESTA 2,Arcade
CS301,Tantanmen,탄탄멘,탄탄멘,Memme,맴매,185,185,XX,Arcade
CS274,ESCAPE,이스케이프,이스케이프,D_AAN,D_AAN,220,220,PRIME - PRIME 2,Arcade
CS240,Cross Time,크로스 타임,크로스 타임,Brandy,브랜디,160,160,PRIME - PRIME 2,Arcade
CS338,Tropicanic,트로피카닉,트로피카닉,SHK,SHK,145,145,XX,Arcade
CS152,Elise,엘리제,엘리제,DM Ashura,DM Ashura,162,162,FIESTA - FIESTA 2,Arcade
CS665,Kokugen Kairou Labyrinth,시간의 회랑 라비린스,시간의 회랑 라비린스,A:llha (ANE + 2riA),N/A,215,215,XX,Arcade
CS269,A Site De La Rue,어 사이트 데 라 루,데라루,STREME REVERIE,STREME REVERIE,186,186,PRIME - PRIME 2,Arcade
CS646,Re：End of a Dream,Re：엔드 오브 어 드림,리 엔드,uma vs. Morimori Atsushi,uma vs. Morimori Atsushi,212,212,XX,Arcade
CS273,BSPower Explosion,BS파워 익스플로전,병신력 폭발,Memme,맴매,180,180,PRIME - PRIME 2,Arcade
CS659,Phalanx RS2018 edit,팔랑크스 RS2018 edit,팔랑크스 RS2018 edit,Cranky,Cranky,145,145,XX,Arcade
CS327,Stardream (feat. Romelon),스타드림 (feat. Romelon),스타드림 (feat. Romelon),Cashew,Yakikaze & Cashew,160,160,XX,Arcade
CS642,Paved Garden,페이브 가든,페이브 가든,Ginkiha,Ginkiha,187,187,XX,Arcade
CS284,VANISH,배니쉬,베니쉬,Applesoda,애플소다,174,174,XX,Arcade
CS056,Canon D,캐논 디,캐논디,BanYa,반야,160,160,1st - Zero,Arcade
CS218,Last Rebirth,라스트 리버스,라스트 리버스,SHK,SHK,120,120,PRIME - PRIME 2,Arcade
CS647,CROSS RAY (feat. 月下Lia),크로스 레이 (feat. 月下Lia),크로스 레이 (feat. 月下Lia),HyuN,HyuN,176,176,XX,Arcade
CS624,Achluoias,아클루오이아스,아클루오이아스,D_AAN,D_AAN,200,200,PRIME - PRIME 2,Arcade
CS649,Indestructible,인디스트럭터블,럭키볼,Matduke,Matduke,174,174,XX,Arcade
CS250,Keep On!,킵 온!,킵 온!,雨漏りＰ/ AmamoriP,아마모리P,185,185,PRIME - PRIME 2,Arcade
CS644,Crossing Delta,크로싱 델타,크로싱 델타,t+pazolite+Ginkiha+Hommarju,N/A,180,180,XX,Arcade
CS629,Imprinting,임프린팅,임프린팅,Sakuzyo,Sakuzyo,175,175,PRIME - PRIME 2,Arcade
CS278,Nyarlathotep,니알라토텝,니알라토텝,Nato,나토,200,200,XX,Arcade
CS300,HEART RABBIT COASTER,하트 래빗 코스터,하래코,Nato,나토,200,200,XX,Arcade
CS222,Shub Niggurath,슈브 니구라스,슈브 니구라스,Nato,나토,220,220,PRIME - PRIME 2,Arcade
CS295,Can-can ~Orpheus in The Party Mix~,캉-캉 ~Orpheus in The Party Mix~,캉캉 오르페우스,Sr. Lan Belmont,Sr. Lan Belmont,195,195,XX,Arcade
CS651,CROSS SOUL,크로스 소울,크로스 소울,HyuN feat. Syepias,HyuN feat. Syepias,200,200,XX,Arcade
CS299,Forgotten Vampire,포가튼 뱀파이어,포가튼 뱀파이어,WyvernP,WyvernP,137,137,XX,Arcade
CS213,Rock the house,락 더 하우스,락 더 하우스,Matduke,Matduke,175,175,PRIME - PRIME 2,Arcade
CS331,The Reverie,더 레버리,더 레버리,uma,uma vs. Morimori Atsushi,150,150,XX,Arcade
CS325,DESTRUCIMATE,파괴,파괴,KURORAK,KURORAK,193,193,XX,Arcade
CS667,CO5M1C R4ILR0AD,코스믹 레일로드,코스믹 레일로드,kanone,kanone,155,155,PHOENIX,Arcade
CS336,Repentance,리펜턴스,리펜턴스,Abel,Abel,240,240,XX,Arcade
CS252,Le Grand Bleu,라 그랑 블루,라 그랑 블루,KIEN,KIEN,165,165,PRIME - PRIME 2,Arcade
CS031,Winter,윈터,윈터,BanYa,반야,168,168,1st - Zero,Arcade
CS289,Loki,로키,로키,Lotze,로체,140,140,XX,Arcade
FS601,Gargoyle - FULL SONG -,가고일 - FULL SONG -,풀고일,Sanxion7,Sanxion7,150,150,N/A,Full Song
CS648,Club Night,클럽 나이트,클럽 나이트,Matduke,Matduke,170,170,XX,Arcade
CS022,Csikos Post,우편마차,우편마차,BanYa,반야,180,180,1st - Zero,Arcade
CS334,Sugar Plum,슈가 플럼,슈가 플럼,Mr. Weq,Mr. Weq,170,170,XX,Arcade
CS800,Another Truth,또다른 진심,또다른 진심,Novasonic,노바소닉,136,136,1st - Zero,Arcade
CS127,Cleaner,클리너,클리너,Doin,Doin,203,203,FIESTA - FIESTA 2,Arcade
CS271,The Quick Brown Fox Jumps Over The Lazy Dog,다람쥐 헌 쳇바퀴에 타고파,다람쥐 헌 쳇바퀴에 타고파,Doin,Doin,200,200,PRIME - PRIME 2,Arcade
CS279,Skeptic,스켑틱,스켑틱,Doin,Doin,200.1,200.1,XX,Arcade
CS012,Mr. Larpus,미스터 라푸스,미스터 라푸스,BanYa,반야,190,190,1st - Zero,Arcade
CS617,Passacaglia,파사칼리아,파사칼리아,SynthWulf,SynthWulf,175,175,FIESTA - FIESTA 2,Arcade
CS151,Ignis Fatuus(DM Ashura Mix),이그니스 패터스(DM Ashura 믹스),이그니스 패터스(DM Ashura 믹스),BanYa & DM Ashura,반야 & DM Ashura,220,220,FIESTA - FIESTA 2,Arcade
CS175,Avalanche,아발란치,아발란치,Memme,맴매,175,175,PRIME - PRIME 2,Arcade
CS220,Hellfire,헬파이어,헬파이어,Memme,맴매,170,170,PRIME - PRIME 2,Arcade
CS335,Telling Fortune Flower,텔링 포츈 플라워,텔링 포츈 플라워,Koharu feat. Renyata,Koharu feat. Renyata,200,200,XX,Arcade
CS807,Timing,타이밍,타이밍,HIGHTEEN,하이틴,164,164,XX,Arcade
CS337,Cygnus,시그너스,시그너스,nato,나토,188,188,XX,Arcade
CS172,Yog-Sothoth,요그 소토스,요그 소토스,Nato,나토,200,200,PRIME - PRIME 2,Arcade
CS233,Twist of Fate (feat. Ruriling),트위스트 오브 페이트 (feat. Ruriling),트위스트 오브 페이트 (feat. Ruriling),Jehezukiel,Jehezukiel☆KAZEMURA☆Hideky,141,141,PRIME - PRIME 2,Arcade
CS223,Further,퍼더,퍼더,Doin,Doin,194,194,PRIME - PRIME 2,Arcade
CS119,The Devil,마왕,마왕,Banya Production,반야 프로덕션,130-240,130-240,FIESTA - FIESTA 2,Arcade
CS801,Slam,슬램,슬램,Novasonic,노바소닉,131.99,131.99,1st - Zero,Arcade
FS650,8 6 - FULL SONG -,8 6 - FULL SONG -,86 풀,DASU,DASU,167,167,N/A,Full Song
CS637,Just Hold On (To All Fighters),저스트 홀드 온 (To All Fighters),젓솔돈,void,void,170,170,PRIME - PRIME 2,Arcade
CS191,1950,1950,1950,SLAM,슬램,200,200,PRIME - PRIME 2,Arcade
CS124,Take Out,테이크 아웃,테이크 아웃,SHK,SHK,170,170,FIESTA - FIESTA 2,Arcade
CS162,Windmill,윈드밀,윈드밀,Yak Won,약 원,246,246,FIESTA - FIESTA 2,Arcade
CS316,Like Me,라이크 미,라이크 미,SHK,SHK,155,155,PRIME - PRIME 2,Arcade
CS009,Turkey March,터키 행진곡,터키 행진곡,BanYa,반야,150,150,1st - Zero,Arcade
CS653,After a thousand years,천년이 지나서,천년이 지나서,TOTO,TOTO,180,180,XX,Arcade
CS219,Super Capriccio,슈퍼 카프리시오,슈퍼 카프리시오,SHK,SHK,150,150,PRIME - PRIME 2,Arcade
CS304,Tales of Pumpnia,테일즈 오브 펌프니아,테일즈 오브 펌프니아,Applesoda,애플소다,200,200,XX,Arcade
CS196,Scorpion King,스콜피온 킹,스콜피온 킹,r300k,r300k,113,113,PRIME - PRIME 2,Arcade
CS326,Clematis Rapsodia,클레마티스 랩소디아,클레마티스 랩소디아,Jehezukiel,Jehezukiel☆KAZEMURA☆Hideky,260,260,XX,Arcade
CS288,Obelisque,오벨리스크,오벨리스크,ESTi x M2U,ESTi x M2U,130,130,XX,Arcade
CS109,Vacuum,진공,진공,Doin,Doin,200,200,FIESTA - FIESTA 2,Arcade
CS333,Harmagedon,아마겟돈,아마겟돈,HyuN vs lixound,HyuN vs lixound,194,194,XX,Arcade
CS609,Hardkore of the North,하드코어 오브 더 노스,하드코어 오브 더 노스,Diclonius Kid,Diclonius Kid,190,190,FIESTA - FIESTA 2,Arcade
CS236,Travel to future,트래블 투 퓨처,트레벨 투 퓨처,Neutral Moon,뉴트럴 문,160,160,PRIME - PRIME 2,Arcade
CS660,POINT ZERO 2,포인트 제로 2,포인트 제로 2,SYNTHWULF,SynthWulf,170,170,XX,Arcade
CS309,Uranium,우라늄,우라늄,Memme,맴매,170,170,XX,Arcade
CS029,Till the end of time,틸 디 엔드 오브 타임,틸 디 엔드 오브 타임,BanYa,반야,140,140,1st - Zero,Arcade
CS194,Annihilator Method,어나이얼레이터 메소드,어나이얼레이터 메소드,DM Ashura,DM Ashura,192,192,PRIME - PRIME 2,Arcade
CS322,Iolite Sky,아이올라이트 스카이,아이올라이트 스카이,Doin,Doin,90,90,XX,Arcade
CS150,Love Is A Danger Zone(Cranky Mix),러브 이즈 어 데인저 존(Cranky 믹스),러브 이즈 어 댄저 존(Cranky 믹스),BanYa & Cranky,반야 & Cranky,155,155,FIESTA - FIESTA 2,Arcade
CS662,Life is PIANO,라이프 이즈 피아노,라이프 이즈 피아노,Junk,Junk,133,133,XX,Arcade
CS302,Rising Star,라이징 스타,라이징 스타,M2U,ESTi x M2U,140,140,XX,Arcade
CS602,Allegro Con Fuoco,알레그로 콘 뿌오코,알레그로 콘 뿌오코,DM Ashura,DM Ashura,156,156,FIESTA - FIESTA 2,Arcade
CS328,Headless Chicken,헤드리스 치킨,헤드리스 치킨,r300k,r300k,90.5,90.5,XX,Arcade
SS342,Euphorianic - SHORT CUT -,유포리아닉 - SHORT CUT -,유포리아닉 - SHORT CUT -,SHK,SHK,140,140,N/A,Short Cut
CS330,Houseplan,하우스플랜,하우스플랜,Houseplan,하우스플랜,128,128,XX,Arcade
CS632,Smile Diary,스마일 다이어리,스마일 다이어리,you,you,175,175,PRIME - PRIME 2,Arcade
CS293,1949,1949,1949,SLAM,슬램,220,220,XX,Arcade
CS001,Extravaganza,엑스트라바간자,해파리,BanYa,반야,195,195,1st - Zero,Arcade
CS253,INFINITY,인피니티,인피니티,Lunatic Sounds,루나틱 사운즈,175,175,PRIME - PRIME 2,Arcade
CS277,I Want U,아이 원트 유,아이 원트 유,MAX,MAX,156,156,XX,Arcade
N/A,Desaparecer,데사파레세르,데사파레세르,Applesoda vs MAX,애플소다 vs 맥스,N/A,N/A,N/A,Remix
CS226,Kasou Shinja仮装信者,가장신자,가장신자,MAX,MAX,170,170,PRIME - PRIME 2,Arcade
CS292,Xeroize,제로아이즈,제로아이즈,FE,Dasu feat. 카가미네 렌,200,200,XX,Arcade
CS247,Death Moon,사월,사월,SHK,SHK,160,160,PRIME - PRIME 2,Arcade
CS630,Sudden Romance [PIU Edit],서든 로맨스 [PIU Edit],서든 로맨스 [PIU Edit],void,void,152,152,PRIME - PRIME 2,Arcade
CS643,Pop Sequence,팝 시퀀스,팝 시퀀스,Hommarju,t+pazolite+Ginkiha+Hommarju,110,110,XX,Arcade
CS635,Queen Of The Red,퀸 오브 더 레드,퀸 오브 더 레드,ETIA.,ETIA.,188,188,PRIME - PRIME 2,Arcade
CS291,Ice of Death,아이스 오브 데스,아이스 오브 데스,Fiverwater,Fiverwater,172,172,XX,Arcade
CS285,Kimchi Fingers,김치 핑거즈,김치 핑거즈,Garlic Squad,Garlic Squad,190,190,XX,Arcade
CS228,Arcana Force,아르카나 포스,아르카나 포스,mzet:-P,mzet:-P,175,175,PRIME - PRIME 2,Arcade
CS168,Nemesis,네메시스,네메시스,M2U,ESTi x M2U,160,160,PRIME - PRIME 2,Arcade
CS320,Adrenaline Blaster,아드레날린 블래스터,아드레날린 블래스터,QWertism,QWertism,150,150,XX,Arcade
CS652,Broken Karma (PIU EDIT),브로큰 카르마 (PIU EDIT),브로큰 카르마 (PIU EDIT),Quree,Quree,180,180,XX,Arcade
CS641,Slapstick Parfait,슬랩스틱 파르페,슬랩스틱 파르페,t+pazolite,N/A,160,160,XX,Arcade
CS303,CARMEN BUS,까르멘 버스,까르멘 버스,StaticSphere & FUGU SUISAN,스태틱스피어 & 복어수산,170,170,XX,Arcade
CS234,HTTP,HTTP,HTTP,Quree,Quree,147,147,PRIME - PRIME 2,Arcade
CS623,Ragnarok,라그나로크,라그나로크,SynthWulf,SynthWulf,170,170,PRIME - PRIME 2,Arcade
CS239,V3,V3,V3,BeautifulDay,뷰티풀데이,160,160,PRIME - PRIME 2,Arcade
CS204,Moment Day,모멘트 데이,모멘트 데이,MAX,MAX,158,158,PRIME - PRIME 2,Arcade
FS633,Bad Apple!! feat. Nomico - FULL SONG -,배드 애플!! feat. Nomico - FULL SONG -,배드 애플!! feat. Nomico - FULL SONG -,Masayoshi Minoshima,Masayoshi Minoshima,138,138,N/A,Full Song
CS254,BEDLAM,베들램,베들램,SANY-ON,SANY-ON,183,183,PRIME - PRIME 2,Arcade
CS319,District 1,디스트릭트 1,디스트릭트 1,MAX,MAX,158,158,XX,Arcade
CS321,Dual Racing <RED vs BLUE>,듀얼 레이싱 <레드 vs 블루>,듀얼 레이싱 <레드 vs 블루>,Nato & r300k,나토 & r300k,165,165,XX,Arcade
CS125,Reality,리얼리티,리얼리티,SHK,SHK,135,135,FIESTA - FIESTA 2,Arcade
CS298,The End of the World ft. Skizzo,디 엔드 오브 더 월드 ft. Skizzo,디 엔드 오브 더 월드 ft. Skizzo,MonstDeath,MonstDeath,150,150,XX,Arcade
CS048,CHICKEN WING,치킨 윙,치킨 윙,BanYa,반야,200,200,1st - Zero,Arcade
CS229,Allegro furioso,알레그로 퓨리오소,알레그로 퓨리오소,DM ashura,DM Ashura,176,176,PRIME - PRIME 2,Arcade
CS080,Pumptris Quattro,펌트리스 꽈뜨로,펌트리스 꽈뜨로,YAHPP,이 얍,153,153,NX - NXA,Arcade
CS618,Baroque Virus,바로크 바이러스,바로크 바이러스,Zircon,Zircon,135,135,FIESTA - FIESTA 2,Arcade
CS241,The Festival of Ghost2 (Sneak),유령의 축제 2 (Sneak),유령의 축제 2 (Sneak),Brandy,브랜디,136,136,PRIME - PRIME 2,Arcade
CS613,Xuxa,슈샤,슈샤,Smiley,Smiley,160,160,FIESTA - FIESTA 2,Arcade
CS308,Lepton Strike,립톤 스트라이크,립톤 스트라이크,Nato,나토,183,183,XX,Arcade
CS310,Your Mind,유어 마인드,유어 마인드,Roy Mikelate,Roy Mikelate,180,180,XX,Arcade
CS212,MATADOR,마타도르,마타도르,Cranky,Cranky,168,168,PRIME - PRIME 2,Arcade
CS283,Poseidon,포세이돈,포세이돈,Quree,Quree,160,160,XX,Arcade
CS600,What Happened,왓 해픈드,왓 해픈드,Throwdown,Throwdown,130,130,FIESTA - FIESTA 2,Arcade
CS051,Pump Me Amadeus,펌프 미 아마데우스,펌프 미 아마데우스,BanYa,반야,170,170,1st - Zero,Arcade
CS267,Waltz of Doge,왈츠 오브 도지,왈츠 오브 도지,Cashew,Yakikaze & Cashew,250,250,PRIME - PRIME 2,Arcade
CS307,JANUS,야누스,야누스,MAX,MAX,174,174,XX,Arcade
CS203,Reminiscence,레미니센스,레미니센스,MAX,MAX,155,155,PRIME - PRIME 2,Arcade
CS311,Wicked Legend,위키드 레전드,위키드 레전드,D_AAN,D_AAN,150,150,XX,Arcade
CS634,PRIME,프라임,프라임,Tatsh,Tatsh,165,165,PRIME - PRIME 2,Arcade
CS038,Love is a Danger Zone,러브 이즈 어 데인저 존,러브 이즈 어 댄저 존,BanYa,반야,140,140,1st - Zero,Arcade
CS264,Awakening,어웨이크닝,어웨이크닝,typeMARS,typeMARS,150,150,PRIME - PRIME 2,Arcade
CS221,God Mode feat. Skizzo,갓 모드 feat. Skizzo,갓 모드 feat. Skizzo,Nato,나토,152,152,PRIME - PRIME 2,Arcade
CS249,Christmas Memories,크리스마스의 기억,크리스마스의 기억,Warak,와락,170,170,PRIME - PRIME 2,Arcade
CS605,Necromancy,네크로맨시,네크로맨시,Zircon,Zircon,173,173,FIESTA - FIESTA 2,Arcade
CS287,Black Swan,블랙스완,블랙스완,zeron,제론,175,175,XX,Arcade
CS317,Transacaglia in G-minor,트란사칼리아,트란사칼리아,ATAS,ATAS,158,158,XX,Arcade
CS657,Danger & Danger,데인저 & 데인저,댄저 & 댄저,Cranky,Cranky,155,155,XX,Arcade
CS197,Point Zero One,포인트 제로 원,포인트 제로 원,SynthWulf,SynthWulf,170,170,PRIME - PRIME 2,Arcade
CS019,Rolling Christmas,롤링 크리스마스,롤링 크리스마스,BanYa,반야,142,142,1st - Zero,Arcade
CS294,Rage of Fire,레이지 오브 파이어,레이지 오브 파이어,MAX,MAX,155,155,XX,Arcade
CS205,THE REVOLUTION,더 레볼루션,더 레볼루션,MAX & DOOM,맥스 앤 둠,160,160,PRIME - PRIME 2,Arcade
CS200,Campanella,캄파넬라,캄파넬라,Cashew,Yakikaze & Cashew,140,140,PRIME - PRIME 2,Arcade
CS062,Love is a Danger Zone pt. 2,러브 이즈 어 데인저 존 pt.2,러브 이즈 어 댄저 존 pt.2,BanYa,반야,162,162,1st - Zero,Arcade
CS658,Nihilism - Another Ver.-,니힐리즘 - 어나더 버전 -,니힐리즘 - 어나더 버전 -,Nato,나토,190,190,XX,Arcade
CS123,Butterfly,버터플라이,버터플라이,MAX & Rorychesell(SID-SOUND),N/A,128,128,FIESTA - FIESTA 2,Arcade
N/A,Prime Time,프라임 타임,프라임 타임,Cashew,Yakikaze & Cashew,N/A,N/A,N/A,Remix
CS069,Ugly Dee,미운 오리새끼,미운 오리새끼,Banya Production,반야 프로덕션,92,92,NX - NXA,Arcade
CS199,Red Snow,레드 스노우,레드 스노우,Cashew,Yakikaze & Cashew,170,170,PRIME - PRIME 2,Arcade
CS046,Bee,비,비,BanYa,반야,160,160,1st - Zero,Arcade
CS622,Feel My Happiness,필 마이 해피니스,필 마이 해피니스,3R2,3R2,175,175,PRIME - PRIME 2,Arcade
CS064,Moonlight,월광,월광,BanYa,반야,180,180,1st - Zero,Arcade
CS265,Gothique Resonance,고딕 레조넌스,고딕 레조넌스,P4Koo,P4Koo,174,174,PRIME - PRIME 2,Arcade
SS295,Can-can ~Orpheus in The Party Mix~ - SHORT CUT -,캉-캉 ~Orpheus in The Party Mix~ - SHORT CUT -,캉캉 캉 캉 오르페우스 숏컷 캉숏,Sr. Lan Belmont,Sr. Lan Belmont,195,195,N/A,Short Cut
CS626,Stardust Overdrive,스타더스트 오버드라이브,스타더스트 오버드라이브,typeMARS,typeMARS,175,175,PRIME - PRIME 2,Arcade
CS318,Cycling!,싸이클링!,사이클링,Yamajet,야마젯,220,220,XX,Arcade
CS110,Destination,데스티네이션,데스티네이션,SHK,SHK,150,150,FIESTA - FIESTA 2,Arcade
CS324,Cutie Song,일 더하기 일은 귀요미,일 더하기 일은 귀요미,Memme,맴매,174,174,XX,Arcade
CS286,Imagination,이미지네이션,이미지네이션,SHK,SHK,180,180,XX,Arcade
CS231,Utsushiyo No Kaze feat. Kana,우츠시요 노 카제 feat. Kana,우츠시요 노 카제 feat. Kana,void,void,152,152,PRIME - PRIME 2,Arcade
CS258,Donatello,도나텔로,도나텔로,Triplestar,트리플스타,175,175,PRIME - PRIME 2,Arcade
CS323,La Cinquantaine,금혼식,금혼식,Pory,포리,164,164,XX,Arcade
CS260,Fallen Angel,폴른 엔젤,폴른 엔젤,DM Ashura,DM Ashura,157,157,PRIME - PRIME 2,Arcade
CS251,Asterios -ReEntry-,아스테리오스 -리엔트리-,아스테리오스 -리엔트리-,ATAS,ATAS,148,148,PRIME - PRIME 2,Arcade
CS103,Turkey March -Minimal Tunes-,터키 행진곡 -미니멀튠즈-,터키 행진곡 미니멀튠즈,Banya Production,반야 프로덕션,130,130,FIESTA - FIESTA 2,Arcade
CS297,Fires of Destiny,파이어 오브 데스티니,파이어 오브 데스티니,Jehezukiel,Jehezukiel☆KAZEMURA☆Hideky,155,155,XX,Arcade
CS101,Phantom -Intermezzo-,팬텀 -인터메조-,팬텀 인터메조,Banya Production,반야 프로덕션,140,140,FIESTA - FIESTA 2,Arcade
CS616,Pop The Track,팝 더 트랙,팝 더 트랙,J-Mi & Midi-D & Ft. Hanna Stockzell,J-Mi & Midi-D & Ft. Hanna Stockzell,160,160,FIESTA - FIESTA 2,Arcade
N/A,Paradoxx,패러독스,패러독스,SLAM & NATO,슬램 & 나토,N/A,N/A,N/A,Remix
CS130,Jonathan's Dream,조나단의 꿈,조나단의 꿈,MAX&Seorryang(SID-SOUND),N/A,140,140,FIESTA - FIESTA 2,Arcade
CS255,Clue,클루,클루,Transin,Transin,140,140,PRIME - PRIME 2,Arcade
CS002,Final Audition,파이널 오디션,파이널 오디션,BanYa,반야,130.5,130.5,1st - Zero,Arcade
CS063,Witch Doctor,위치 닥터,위치 닥터,BanYa,반야,195,195,1st - Zero,Arcade
CS615,Star Command,스타 커맨드,스타 커맨드,Zircon,Zircon,155,155,FIESTA - FIESTA 2,Arcade
CS256,Redline,레드라인,레드라인,Archefluxx,Archefluxx,170,170,PRIME - PRIME 2,Arcade
CS305,Orbit Stabilizer,오르비트 스테빌라이저,오르빗 스테빌라이저,DM Ashura,DM Ashura,155,155,XX,Arcade
CS242,HELIX,헬릭스,헬릭스,ESTi,ESTi x M2U,175,175,PRIME - PRIME 2,Arcade
CS097,Napalm,네이팜,네이팜,Doin,Doin,185,185,FIESTA - FIESTA 2,Arcade
CS144,U Got Me Rocking,유 갓 미 락킹,유 갓 미 락킹,MAX,MAX,128,128,FIESTA - FIESTA 2,Arcade
CS041,Dr. M,닥터 엠,닥터 엠,BanYa,반야,145,145,1st - Zero,Arcade
CS081,Faster Z,패스터 Z,패스터지,YAHPP,이 얍,162,162,NX - NXA,Arcade
CS611,Dream To Nightmare,드림 투 나이트메어,드림 투 나이트메어,Nightmare,Nightmare,178,178,FIESTA - FIESTA 2,Arcade
CS067,Final Audition Ep. 2-2,파이널 오디션 에피소드 2-2,파이널 오디션 에피소드 2-2,YAHPP,이 얍,200,200,NX - NXA,Arcade
CS262,Tritium,트리튬,트리튬,Memme,맴매,180,180,PRIME - PRIME 2,Arcade
N/A,ERRORCODE: 0,에러코드: 0,에러코드0,DOIN && SUNNY,도인 && SUNNY,N/A,N/A,N/A,Remix
CS248,Super Stylin',슈퍼 스타일린,슈퍼 스타일린,Warak,와락,146,146,PRIME - PRIME 2,Arcade
CS176,Force of Ra,포스 오브 라,포스 오브 라,Memme,맴매,180,180,PRIME - PRIME 2,Arcade
CS023,Vook,부크,부크,BanYa,반야,184,184,1st - Zero,Arcade
CS604,Smells Like A Chocolate,스멜스 라이크 어 초콜릿,스멜스 라이크 어 초콜릿,Vospi,Vospi,175.9,175.9,FIESTA - FIESTA 2,Arcade
CS098,Tepris,테프리스,테프리스,Doin,Doin,144.9,144.9,FIESTA - FIESTA 2,Arcade
CS280,%X (Percent X),퍼센트 엑스,퍼센트 엑스,Pory,포리,150,150,XX,Arcade
CS314,Radetzky Can Can,라젠스키 캉캉,라젠스키 캉캉,BanYa,반야,197,197,1st - Zero,Arcade
CS631,Mitotsudaira,미토츠다이라,미토츠다이라,ETIA.,ETIA.,136,136,PRIME - PRIME 2,Arcade
CS243,Hyperion,히페리온,히페리온,M2U,ESTi x M2U,145,145,PRIME - PRIME 2,Arcade
CS332,God Mode 2.0 feat. Skizzo,갓 모드 2.0 feat. Skizzo,갓 모드 2.0 feat. Skizzo,Nato,나토,155,155,XX,Arcade
CS174,Chinese restaurant,차이니즈 레스토랑,차이니즈 레스토랑,Memme,맴매,175,175,PRIME - PRIME 2,Arcade
CS606,Monolith,모노리스,모노리스,Affinity,Affinity,196,196,FIESTA - FIESTA 2,Arcade
CS237,Rave'til the earth's end,레이브 언틸 디 어스 엔드,레이브 언틸 디 어스 엔드,5argon,5argon,160,160,PRIME - PRIME 2,Arcade
FS618,Baroque Virus - FULL SONG -,바로크 바이러스 - FULL SONG -,풀로크,Zircon,Zircon,135,135,N/A,Full Song
CS610,Tribe Attacker,트라이브 어택커,트라이브 어태커,Hi-G,Hi-G,150,150,FIESTA - FIESTA 2,Arcade
CS235,Up & Up (Produced by AWAL),업 앤 업 (Produced by AWAL),업앤업,Skizzo,Skizzo,150,150,PRIME - PRIME 2,Arcade
CS628,ヨロピク ピクヨロ！Yoropiku Pikuyoro !,요로피쿠 피쿠요로 !,요로피쿠 피쿠요로 !,バクステ外神田一丁目 Bakusute Sotokanda Icchome,바쿠스테 소토칸다 잇쵸메,198,198,PRIME - PRIME 2,Arcade
CS149,Hypnosis(SynthWulf Mix),힙노시스(SynthWulf 믹스),힙노시스(SynthWulf 믹스),BanYa & SynthWulf,반야 & SynthWulf,175,175,FIESTA - FIESTA 2,Arcade
FS602,Allegro Con Fuoco - FULL SONG -,알레그로 콘 뿌오코 - FULL SONG -,풀레그로,DM Ashura,DM Ashura,156,156,N/A,Full Song
CS030,Will-O-The-Wisp,윌 오 더 위스프,윌 오 더 위습,BanYa,반야,210,210,1st - Zero,Arcade
CS329,Over The Horizon,오버 더 호라이즌,오버 더 호라이즌,Yamajet,야마젯,190,190,XX,Arcade
CS052,Blazing,블레이징,블레이징,BanYa,반야,158,158,1st - Zero,Arcade
CS095,Cannon X.1,캐논 X.1,캐논 X.1,YAHPP,이 얍,185,185,NX - NXA,Arcade
CS092,DJ Otada,디제이 오타다,디제이 오타다,Banya Production,반야 프로덕션,180,180,NX - NXA,Arcade
CS185,Removable Disk0,리무버블 디스코,리무버블 디스코,Doin,Doin,130,130,PRIME - PRIME 2,Arcade
CS060,Papa Gonzales,파파 곤잘레스,파파 곤잘레스,BanYa,반야,145,145,1st - Zero,Arcade
CS148,FFF,에프 에프 에프,에프 에프 에프,Doin,Doin,200,200,FIESTA - FIESTA 2,Arcade
CS627,甘い誘惑デインジャラスAmai Yuuwaku Dangerous,아마이 유우와쿠 데인저러스,아마이 유우와쿠 댄저러스,バクステ外神田一丁目 Bakusute Sotokanda Icchome,바쿠스테 소토칸다 잇쵸메,125,125,PRIME - PRIME 2,Arcade
CS177,Requiem,레퀴엠,레퀴엠,MAX,MAX,160,160,PRIME - PRIME 2,Arcade
CS244,Start On RED,스타트 온 레드,스타트 온 레드,nato,나토,160,160,PRIME - PRIME 2,Arcade
CS161,Log In,로그인,로그인,SHK,SHK,140,140,FIESTA - FIESTA 2,Arcade
CS061,Phantom,팬텀,팬텀,BanYa,반야,136,136,1st - Zero,Arcade
CS182,Hestia,헤스티아,헤스티아,Gentle Stick,잰틀 스틱,150,150,PRIME - PRIME 2,Arcade
CS625,video out c,비디오 아웃 씨,비디오 아웃 씨,Vospi,Vospi,198,198,PRIME - PRIME 2,Arcade
CS106,Arirang,아리랑,아리랑,Banya Production,반야 프로덕션,160,160,FIESTA - FIESTA 2,Arcade
CS181,Mad5cience,매드 사이언스,매드 사이언스,Paul Bazooka,폴 바주카,130,130,PRIME - PRIME 2,Arcade
CS195,Move That Body!,무브 댓 바디!,무브 댓 바디!,DM Ashura feat. Skizzo & Hanna,DM Ashura feat. Skizzo & Hanna,145,145,PRIME - PRIME 2,Arcade
CS088,Final Audition Ep. 2-X,파이널 오디션 에피소드 2-X,파이널 오디션 에피소드 2-X,YAHPP,이 얍,170,170,NX - NXA,Arcade
CS246,Magical Vacation,매지컬 베케이션,매지컬 베케이션,SID-SOUND,시드사운드,154,154,PRIME - PRIME 2,Arcade
CS276,Obliteration,오블리터레이션,오블리터레이션,ATAS,ATAS,150,150,XX,Arcade
CS147,Unique,유니크,유니크,SHK,SHK,145,145,FIESTA - FIESTA 2,Arcade
N/A,Paradoxx - SHORT CUT -,패러독스 - SHORT CUT -,패러독스 - SHORT CUT -,SLAM & NATO,슬램 & 나토,N/A,N/A,N/A,Short Cut
CS210,Cosmical Rhythm,코스미컬 리듬,코스미컬 리듬,SID-SOUND,시드사운드,128,128,PRIME - PRIME 2,Arcade
CS111,U GOT 2 KNOW,유 갓 투 노우,유 갓 투 노우,MAX,MAX,127,127,FIESTA - FIESTA 2,Arcade
CS188,Red Swan,레드 스완,레드 스완,Yahpp,이 얍,172,172,PRIME - PRIME 2,Arcade
CS230,Anguished Unmaking,앵귀시드 언메이킹,앵귀시드 언메이킹,void,void,170,170,PRIME - PRIME 2,Arcade
CS202,Robot battle,로봇 배틀,로봇 배틀,CYO Style,CYO Style,198,198,PRIME - PRIME 2,Arcade
CS245,Time Attack <BLUE>,타임 어택 <블루>,타임 어택 <블루>,r300k,r300k,119,119,PRIME - PRIME 2,Arcade
CS037,Maria,마리아,마리아,BanYa,반야,136,136,1st - Zero,Arcade
CS201,You again my love,유 어게인 마이 러브,유 어게인 마이 러브,CYO Style & Henohenomoheji,CYO Style & Henohenomoheji,137,137,PRIME - PRIME 2,Arcade
CS257,Kill Them!,킬 뎀!,킬 뎀!,Archefluxx,Archefluxx,170,170,PRIME - PRIME 2,Arcade
CS071,Gun Rock,건 락,건 락,Banya Production,반야 프로덕션,104,104,NX - NXA,Arcade
CS268,Black Dragon,블랙 드래곤,블랙 드래곤,Memme,맴매,162,162,PRIME - PRIME 2,Arcade
CS189,Hyacinth,히아신스,히아신스,Yahpp,이 얍,192,192,PRIME - PRIME 2,Arcade
CS620,Dolly KiSS,돌리 키스,돌리 키스,SID-SOUND,시드사운드,149,149,PRIME - PRIME 2,Arcade
CS143,Lucid(PIU Edit),루시드(PIU Edit),루시드(PIU Edit),Yak Won,약 원,40-190,40-190,FIESTA - FIESTA 2,Arcade
CS178,You Got Me Crazy,유 갓 미 크레이지,유 갓 미 크레이지,MAX,MAX,128,128,PRIME - PRIME 2,Arcade
CS146,Accident,엑시던트,엑시던트,MAX,MAX,183,183,FIESTA - FIESTA 2,Arcade
CS129,Pavane,파반느,파반느,V.A.,V.A.,160,160,FIESTA - FIESTA 2,Arcade
FS804,GOOD NIGHT - FULL SONG -,굿 나이트 - FULL SONG -,풀 나이트 풀 나잇,Dreamcatcher,드림캐쳐,196,196,N/A,Full Song
CS120,Hungarian Dance V,헝가리 무곡 V,헝가리 무곡 V,Banya Production,반야 프로덕션,145,145,FIESTA - FIESTA 2,Arcade
FS296,Papasito (feat. KuTiNA) - FULL SONG -,파파시토 (feat. KuTiNA) - FULL SONG -,파파시토 풀 송,Yakikaze & Cashew,Yakikaze & Cashew,128,128,N/A,Full Song
CS170,Latino Virus,라티노 바이러스,라티노 바이러스,Warak,와락,170,170,PRIME - PRIME 2,Arcade
CS163,Mental Rider,멘탈 라이더,멘탈라이더,SQUAR,SQUAR,120-140,120-140,FIESTA - FIESTA 2,Arcade
CS608,Kitty Cat,키티 캣,키티캣,Coconut,Coconut,128,128,FIESTA - FIESTA 2,Arcade
CS636,Idealized Romance,아이디얼라이즈드 로맨스,아이디얼라이즈드 로맨스,void,void,140,140,PRIME - PRIME 2,Arcade
CS638,STEP,스텝,스텝,SID-SOUND,시드사운드,156,156,PRIME - PRIME 2,Arcade
CS619,Selfishness,셀피쉬니스,셀피쉬니스,SID-SOUND,시드사운드,160,160,PRIME - PRIME 2,Arcade
CS607,Ladybug,레이디버그,레이디버그,Coconut,Coconut,133,133,FIESTA - FIESTA 2,Arcade
CS238,Heart Attack,하트 어택,하트 어택,DJ Counterforce,DJ Counterforce,148,148,PRIME - PRIME 2,Arcade
CS612,Utopia,유토피아,유토피아,Smiley,Smiley,166,166,FIESTA - FIESTA 2,Arcade
CS068,Final Audition Ep. 2-1,파이널 오디션 에피소드 2-1,파이널 오디션 에피소드 2-1,YAHPP,이 얍,170,170,NX - NXA,Arcade
CS261,Silver Beat feat. ChisaUezono,실버 비트 feat. ChisaUezono,실버 비트 feat. ChisaUezono,Tatsh,Tatsh,153,153,PRIME - PRIME 2,Arcade
N/A,Vacuum Cleaner,진공 청소기,진공 청소기,Doin,Doin,N/A,N/A,N/A,Remix
CS270,Break Out,브레이크 아웃,브레이크 아웃,Lunatic Sounds,루나틱 사운즈,175,175,PRIME - PRIME 2,Arcade
SS247,Death Moon - SHORT CUT -,사월 - SHORT CUT -,사월 - SHORT CUT -,SHK,SHK,160,160,N/A,Short Cut
CS281,Le Grand Rouge,라 그랑드 루즈,라 그랑드 루즈,KIEN,KIEN,166,166,XX,Arcade
CS047,Final Audition Ep. 1,파이널 오디션 에피소드 1,파이널 오디션 에피소드 1,BanYa,반야,189,189,1st - Zero,Arcade
CS183,Amphitryon,암피트리온,암피트리온,Gentle Stick,잰틀 스틱,155,155,PRIME - PRIME 2,Arcade
CS013,Solitary,무혼,무혼,BanYa,반야,136,136,1st - Zero,Arcade
N/A,Leather,리더,리더,Doin,Doin,N/A,N/A,N/A,Remix
CS173,Silhouette Effect,실루엣 이펙트,실루엣 이펙트,Nato,나토,167,167,PRIME - PRIME 2,Arcade
SS283,Poseidon - SHORT CUT -,포세이돈 - SHORT CUT -,포세이돈 - SHORT CUT -,Quree,Quree,160,160,N/A,Short Cut
CS169,Katkoi,캇코이,캇코이,M2U,ESTi x M2U,180,180,PRIME - PRIME 2,Arcade
CS215,HYPERCUBE,하이퍼큐브,하이퍼큐브,MAX,MAX,145,145,PRIME - PRIME 2,Arcade
N/A,Brown Sky,하늘다람쥐,하늘다람쥐,Doin,Doin,N/A,N/A,N/A,Remix
N/A,Fire Noodle Challenge,파이어 누들 챌린지,파이어 누들 챌린지,Memme,맴매,N/A,N/A,N/A,Remix
CS282,Macaron Day,마카롱 데이,마카롱 데이,HyuN,HyuN,173,173,XX,Arcade
CS121,We Got 2 Know,위 갓 투 노우,위 갓 투 노우,MAX,MAX,128,128,FIESTA - FIESTA 2,Arcade
CS078,Higgledy Piggledy,히글디 피글디,히글디 피글디,Banya Production,반야 프로덕션,150,150,NX - NXA,Arcade
N/A,Meteo5cience (GADGET mix),메테오 사이언스 (GADGET mix),메테오 사이언스 (GADGET mix),Paul Bazooka,폴 바주카,N/A,N/A,N/A,Remix
CS049,Get Up,겟 업,겟 업,BanYa,반야,180,180,1st - Zero,Arcade
CS053,Monkey Fingers,몽키 핑거즈,몽키 핑거즈,BanYa,반야,186,186,1st - Zero,Arcade
CS122,Overblow,오버블로우,오버블로우,MAX,MAX,155,155,FIESTA - FIESTA 2,Arcade
CS614,VVV,VVV,VVV,ZiGZaG,ZiGZaG,310,310,FIESTA - FIESTA 2,Arcade
CS024,Dance with me,댄스 위드 미,댄스 위드 미,BanYa,반야,122,122,1st - Zero,Arcade
CS214,Karyawisata,까랴위사따,까랴위사따,Vesuvia x REDSHiFT,Vesuvia x REDSHiFT,150-173,150-173,PRIME - PRIME 2,Arcade
CS184,Leakage Voltage,리키지 볼티지,리키지 볼티지,Doin,Doin,180,180,PRIME - PRIME 2,Arcade
CS065,Beat of The War 2,비트 오브 더 워 2,비트 오브 더 워 2,BanYa,반야,120-190,120-190,1st - Zero,Arcade
CS093,The People didn't know,사람들은 몰랐다네,사람들은 몰랐다네,Banya Production,반야 프로덕션,134,134,NX - NXA,Arcade
CS040,Emperor,엠페러,엠페러,BanYa,반야,150,150,1st - Zero,Arcade
CS057,Solitary 2,무혼 2,무혼 2,BanYa,반야,136,136,1st - Zero,Arcade
CS042,Come to Me,컴 투 미,컴 투 미,BanYa,반야,100~107,100~107,1st - Zero,Arcade
CS084,Caprice of Otada,카프리스 오브 오타다,카프리스 오브 오타다,Banya Production,반야 프로덕션,160,160,NX - NXA,Arcade
CS114,XTREE,엑스트리,엑스트리,YAHPP,이 얍,190,190,FIESTA - FIESTA 2,Arcade
SS275,Wedding Crashers - SHORT CUT -,웨딩 크래셔 - SHORT CUT -,웨딩 크래셔 - SHORT CUT -,SHK,SHK,165,165,N/A,Short Cut
CS118,Native,네이티브,네이티브,SHK,SHK,135,135,FIESTA - FIESTA 2,Arcade
CS043,Beat of The War,비트 오브 더 워,비트 오브 더 워,BanYa,반야,140-202,140-202,1st - Zero,Arcade
CS128,Night Duty,야근,야근,A.V.,uma vs. Morimori Atsushi,140,140,FIESTA - FIESTA 2,Arcade
CS004,She Likes Pizza,그녀는 피자를 좋아해,그녀는 피자를 좋아해,BanYa,반야,229.5,229.5,1st - Zero,Arcade
CS145,D,디,디,MAX,MAX,180,180,FIESTA - FIESTA 2,Arcade
CS224,Bring Back The Beat,브링 백 더 비트,브링 백 더 비트,Lunatic Sounds,루나틱 사운즈,160,160,PRIME - PRIME 2,Arcade
CS011,Final Audition 2,파이널 오디션 2,파이널 오디션 2,BanYa,반야,130,130,1st - Zero,Arcade
CS227,Overblow2,오버블로우2,오버블로우2,MAX,MAX,155,155,PRIME - PRIME 2,Arcade
CS050,X-Tream,엑스트림,엑스트림,BanYa,반야,162,162,1st - Zero,Arcade
CS654,Lala,라라,라라,Yassi Pressman,야시 프레스먼,126,126,XX,Arcade
FS806,Full Moon - FULL SONG -,풀 문 - FULL SONG -,풀 문 - FULL SONG -,Dreamcatcher,드림캐쳐,190,190,N/A,Full Song
CS180,Meteorize,메테오라이즈,메테오라이즈,Paul Bazooka,폴 바주카,136,136,PRIME - PRIME 2,Arcade
CS076,Witch Doctor #1,위치 닥터 #1,위치 닥터 #1,Yahpp,이 얍,122,122,NX - NXA,Arcade
FS056,Canon D - FULL SONG -,캐논 디 - FULL SONG -,캐논 디 - FULL SONG -,Banya,반야,160,160,N/A,Full Song
SS031,Winter - SHORT CUT -,윈터 - SHORT CUT -,윈터 - SHORT CUT -,Banya,반야,168,168,N/A,Short Cut
CS117,Pine Nut,잣,잣,Doin,Doin,200,200,FIESTA - FIESTA 2,Arcade
CS087,Pumptris 8Bit ver.,펌트리스 8비트 ver.,펌트리스 8비트 ver.,YAHPP,이 얍,162,162,NX - NXA,Arcade
CS217,Break It Down,브레이크 잇 다운,브레이크 잇 다운,MAZO,MAZO,176,176,PRIME - PRIME 2,Arcade
N/A,WI-EX-DOC-VA,위엑닥바,위엑닥바,YAHPP,이 얍,N/A,N/A,N/A,Remix
CS640,HUSH,허쉬,허쉬,Yassi Pressman & Nadine Lustre,야시 프레스먼 & 나딘 러스트레,81.5,81.5,PRIME - PRIME 2,Arcade
N/A,Love is a Danger Zone 2 - FULL SONG -,러브 이즈 어 데인저 존 2 - FULL SONG -,러브 이즈 어 댄저 존 2 - FULL SONG -,YAHPP,이 얍,N/A,N/A,N/A,Full Song
CS090,My Dreams,마이 드림즈,마이 드림즈,Banya Production,반야 프로덕션,136,136,NX - NXA,Arcade
CS104,Hello William,안녕 윌리엄,안녕 윌리엄,Banya Production,반야 프로덕션,170,170,FIESTA - FIESTA 2,Arcade
CS126,Interference,인터퍼런스,인터퍼런스,Doin,Doin,180.4,180.4,FIESTA - FIESTA 2,Arcade
SS306,Switronic - SHORT CUT -,스위트로닉 - SHORT CUT -,스위트로닉 - SHORT CUT -,SHK,SHK,120~170,120~170,N/A,Short Cut
CS603,X-Rave,엑스 레이브,엑스 레이브,DM Ashura,DM Ashura,147,147,FIESTA - FIESTA 2,Arcade
CS032,Top City,탑 시티,탑 시티,BanYa,반야,110.8,110.8,1st - Zero,Arcade
N/A,XX OPENING - SHORT CUT -,XX 오프닝 - SHORT CUT -,XX 오프닝 - SHORT CUT -,MAX,MAX,N/A,N/A,N/A,Short Cut
CS621,Milky Way Galaxy,밀키 웨이 갤럭시,밀키 웨이 갤럭시,3R2,3R2,175,175,PRIME - PRIME 2,Arcade
CS272,Visual Dream II (In Fiction),비주얼 드림 2 (인 픽션),비주얼 드림 2 (인 픽션),Aragon,아라곤,175,175,PRIME - PRIME 2,Arcade
CS055,Final Audition 3,파이널 오디션 3,파이널 오디션 3,BanYa,반야,130.5,130.5,1st - Zero,Arcade
N/A,Avalanquiem,아발란퀴엠,아발란퀴엠,MAX & MEMME,맥스 & 맴매,N/A,N/A,N/A,Remix
CS058,Hi Bi,하이 바이,하이 바이,BanYa,반야,145,145,1st - Zero,Arcade
CS010,Naissance,태동,태동,BanYa,반야,135.5,135.5,1st - Zero,Arcade
N/A,Love is a Danger Zone 2 Try To B.P.M,러브 이즈 어 데인저 존 2 Try To B.P.M,러브 이즈 어 댄저 존 2 Try To B.P.M,BanYa,반야,N/A,N/A,N/A,Remix
CS089,Toccata,토카타,토카타,Banya Production,반야 프로덕션,104,104,NX - NXA,Arcade
SS278,Nyarlathotep - SHORT CUT -,니알라토텝 - SHORT CUT -,니알라토텝 - SHORT CUT -,Nato,나토,200,200,N/A,Short Cut
CS096,Blaze Emotion,블레이즈 이모션,블레이즈 이모션,YAHPP,이 얍,170,170,NX - NXA,Arcade
N/A,BEMERA,비메라,비메라,YAHPP,이 얍,N/A,N/A,N/A,Remix
CS193,Allegro Più Mosso,알레그로 피유 모쏘,알레그로 피유 모쏘,DM Ashura,DM Ashura,160,160,PRIME - PRIME 2,Arcade
CS099,Pumping Jumping,펌핑 점핑,펌핑 점핑,Banya Production,반야 프로덕션,116,116,FIESTA - FIESTA 2,Arcade
SS172,Yog-Sothoth - SHORT CUT -,요그 소토스 - SHORT CUT -,요그 소토스 - SHORT CUT -,Nato,나토,200,200,N/A,Short Cut
CS014,Betrayer,사랑가,사랑가,BanYa,반야,92,92,1st - Zero,Arcade
CS263,Passing Rider,패싱 라이더,패싱 라이더,mzet:-P,mzet:-P,175,175,PRIME - PRIME 2,Arcade
CS016,Oh! Rosa,오! 로사,오! 로사,BanYa,반야,148,148,1st - Zero,Arcade
SS225,Sarabande - SHORT CUT -,사라반드 - SHORT CUT -,사라반드 - SHORT CUT -,MAX,MAX,157,157,N/A,Short Cut
N/A,Vulcan,불카누스,불카누스,Memme,맴매,N/A,N/A,N/A,Remix
SS213,Rock the house - SHORT CUT -,락 더 하우스 - SHORT CUT -,락 더 하우스 - SHORT CUT -,Matduke,Matduke,175,175,N/A,Short Cut
CS045,D Gang,디 갱,디 갱,BanYa,반야,150,150,1st - Zero,Arcade
CS107,Xenesis,제네시스,제네시스,Banya Production,반야 프로덕션,152,152,FIESTA - FIESTA 2,Arcade
CS116,ASDF,ㅁㄴㅇㄹ,ㅁㄴㅇㄹ,Doin,Doin,170,170,FIESTA - FIESTA 2,Arcade
CS091,K.O.A : Alice In Wonderworld,케이.오.에이 : 엘리스 인 원더월드,KOA 앨리스 인 원더월드 고아 코아,Banya Production,반야 프로덕션,156,156,NX - NXA,Arcade
CS094,Chopsticks Challenge,젓가락 변주곡,젓가락 변주곡 젓가락 행진곡,YAHPP,이 얍,128,128,NX - NXA,Arcade
CS102,Get Up (and go),겟 업 (앤 고),겟 업 (앤 고),Banya Production,반야 프로덕션,164,164,FIESTA - FIESTA 2,Arcade
CS070,Bullfighter's Song,투우사의 노래,투우사의 노래,Banya Production,반야 프로덕션,168,168,NX - NXA,Arcade
CS232,Hey U,헤이 유,헤이 유,MAZO,MAZO,162,162,PRIME - PRIME 2,Arcade
CS179,B2,B2,B2,MAX,MAX,158,158,PRIME - PRIME 2,Arcade
N/A,Bemera - SHORT CUT -,비메라 - SHORT CUT -,비메라 - SHORT CUT -,YAHPP,이 얍,N/A,N/A,N/A,Short Cut
CS105,Tek -Club Copenhagen-,테크 -클럽 코펜하겐-,테크 -클럽 코펜하겐-,Banya Production,반야 프로덕션,132,132,FIESTA - FIESTA 2,Arcade
CS026,Miss S' story,미스 에스 스토리,미세스 스토리,BanYa,반야,111,111,1st - Zero,Arcade
CS085,Beat the ghost,비트 더 고스트,비트 더 고스트,Banya Production,반야 프로덕션,124,124,NX - NXA,Arcade
CS039,Get Your Groove On,겟 유어 그루브 온,겟 유어 그루브 온,BanYa,반야,96,96,1st - Zero,Arcade
SS243,Hyperion - SHORT CUT -,히페리온 - SHORT CUT -,히페리온 - SHORT CUT -,M2U,ESTi x M2U,145,145,N/A,Short Cut
N/A,PRIME Opening - SHORT CUT -,프라임 오프닝 - SHORT CUT -,프라임 오프닝 - SHORT CUT -,MAX,MAX,N/A,N/A,N/A,Short Cut
CS035,My way,마이웨이,마이웨이,BanYa,반야,118,118,1st - Zero,Arcade
CS171,Elysium,엘리시움,엘리시움,Warak,와락,128,128,PRIME - PRIME 2,Arcade
CS015,First Love,첫사랑,첫사랑,BanYa,반야,103.05,103.05,1st - Zero,Arcade
SS277,I Want U - SHORT CUT -,아이 원트 유 - SHORT CUT -,아이 원트 유 - SHORT CUT -,MAX,MAX,156,156,N/A,Short Cut
N/A,Shub Sothoth,슈브 소토스,슈브 소토스,Nato & EXC,나토 & EXC,N/A,N/A,N/A,Remix
CS079,Guitar Man,기타 맨,기타 맨,Banya Production,반야 프로덕션,120,120,NX - NXA,Arcade
SS063,Witch Doctor - SHORT CUT -,위치 닥터 - SHORT CUT -,위치 닥터 - SHORT CUT -,Banya,반야,195,195,N/A,Short Cut
N/A,Kasou Shinja - SHORT CUT -,가장신자 - SHORT CUT -,가장신자 - SHORT CUT -,MAX,MAX,N/A,N/A,N/A,Short Cut
SS001,Extravaganza - SHORT CUT -,엑스트라바간자 - SHORT CUT -,엑스트라바간자 - SHORT CUT -,Banya,반야,195,195,N/A,Short Cut
SS222,Shub Niggurath - SHORT CUT -,슈브 니구라스 - SHORT CUT -,슈브 니구라스 - SHORT CUT -,Nato,나토,220,220,N/A,Short Cut
FS803,Chase Me - FULL SONG -,체이스 미 - FULL SONG -,체이스 미 - FULL SONG -,Dreamcatcher,드림캐쳐,200,200,N/A,Full Song
CS028,Oy Oy Oy,오이 오이 오이,오이 오이 오이,BanYa,반야,148,148,1st - Zero,Arcade
SS127,Cleaner - SHORT CUT -,클리너 - SHORT CUT -,클리너 - SHORT CUT -,Doin,Doin,203,203,N/A,Short Cut
CS315,Jump,점프,점프,BanYa,반야,96,96,1st - Zero,Arcade
SS062,Love is a Danger Zone pt. 2 - SHORT CUT -,러브 이즈 어 데인저 존 pt.2 - SHORT CUT -,러브 이즈 어 댄저 존 pt.2 - SHORT CUT -,Banya,반야,162,162,N/A,Short Cut
CS025,Set me up,셋 미 업,셋 미 업,BanYa,반야,120,120,1st - Zero,Arcade
SS151,Ignis Fatuus(DM Ashura Mix) - SHORT CUT -,이그니스 패터스(DM Ashura 믹스) - SHORT CUT -,이그니스 패터스(DM Ashura 믹스) - SHORT CUT -,BanYa & DM Ashura,반야 & DM Ashura,220,220,N/A,Short Cut
CS086,Solitary 1.5,무혼 1.5,무혼 1.5,YAHPP,이 얍,136,136,NX - NXA,Arcade
N/A,Repeatorment Remix,리피토먼트 리믹스,리피토먼트 리믹스,BanYa,반야,N/A,N/A,N/A,Remix
SS173,Silhouette Effect - SHORT CUT -,실루엣 이펙트 - SHORT CUT -,실루엣 이펙트 - SHORT CUT -,Nato,나토,167,167,N/A,Short Cut
N/A,Everybody Got 2 Know,에브리바디 갓 투 노우,에브리바디 갓 투 노우,MAX,MAX,N/A,N/A,N/A,Remix
CS100,Mission Possible -Blow Back-,미션 파서블 -블로우 백-,미션 파서블 블로우 백,Banya Production,반야 프로덕션,128,128,FIESTA - FIESTA 2,Arcade
CS033,Street show down,스트리트 쇼다운,스트리트 쇼다운,BanYa,반야,124,124,1st - Zero,Arcade
CS059,J Bong,제이 봉,제이 봉,BanYa,반야,140,140,1st - Zero,Arcade
SS087,Pumptris 8Bit ver. - SHORT CUT -,펌트리스 8비트 ver. - SHORT CUT -,펌트리스 8비트 ver. - SHORT CUT -,YAHPP,이 얍,162,162,N/A,Short Cut
CS075,Arch of Darkness,아크 오브 다크니스,아크 오브 다크니스,Yahpp,이 얍,135.9,135.9,NX - NXA,Arcade
N/A,Beethoven Influenza,베토벤 인플루엔자,베토벤 인플루엔자,Banya & Warak,반야 & 와락,N/A,N/A,N/A,Remix
CS312,With My Lover,님과 함께,님과 함께,BanYa,반야,124,124,1st - Zero,Arcade
CS083,Money,머니,머니,Banya Production,반야 프로덕션,130,130,NX - NXA,Arcade
FS802,Dignity - FULL SONG -,디그니티 - FULL SONG -,디그니티 - FULL SONG -,Crash,크래쉬,195,195,N/A,Full Song
CS006,Free Style,프리 스타일,프리 스타일,BanYa,반야,99,99,1st - Zero,Arcade
CS073,2006. LOVE SONG,사랑가 2006,사랑가 2006,Banya Production,반야 프로덕션,96,96,NX - NXA,Arcade
N/A,What Are You Doin?,와라유도인?,와라유도인?,Doin & MAX,도인 & 맥스,N/A,N/A,N/A,Remix
CS034,Point Break,포인트 브레이크,포인트 브레이크,BanYa,반야,92,92,1st - Zero,Arcade
N/A,Banya-P Guitar Remix,반야-P 기타 리믹스,반야 P기타 리믹스,Banya Production,반야 프로덕션,N/A,N/A,N/A,Remix
SS038,Love is a Danger Zone - SHORT CUT -,러브 이즈 어 데인저 존 - SHORT CUT -,러브 이즈 어 댄저 존 - SHORT CUT -,Banya,반야,140,140,N/A,Short Cut
SS088,Final Audition Ep. 2-X - SHORT CUT -,파이널 오디션 에피소드 2-X - SHORT CUT -,파이널 오디션 에피소드 2-X - SHORT CUT -,YAHPP,이 얍,170,170,N/A,Short Cut
SS110,Destination - SHORT CUT -,데스티네이션 - SHORT CUT -,데스티네이션 - SHORT CUT -,SHK,SHK,150,150,N/A,Short Cut
N/A,Tream Vook of the war,트림 북 오브 더 워,트림 북 오브 더 워,BanYa,반야,N/A,N/A,N/A,Remix
CS003,Pumping Up,펌핑업,펌핑 업,BanYa,반야,135,135,1st - Zero,Arcade
SS048,CHICKEN WING - SHORT CUT -,치킨 윙 - SHORT CUT -,치킨 윙 - SHORT CUT -,Banya,반야,200,200,N/A,Short Cut
SS186,Super Fantasy - SHORT CUT -,슈퍼 판타지 - SHORT CUT -,슈퍼 판타지 - SHORT CUT -,SHK,SHK,145,145,N/A,Short Cut
N/A,PRIME2 OPENING - SHORT CUT -,프라임2 오프닝 - SHORT CUT -,프라임2 오프닝 - SHORT CUT -,MAX,MAX,N/A,N/A,N/A,Short Cut
CS190,Blaze Emotion (band version),블레이즈 이모션 (Band version),블레이즈 이모션 (Band version),Yahpp,이 얍,170,170,PRIME - PRIME 2,Arcade
CS082,Monkey Fingers 2,몽키 핑거즈 2,몽키 핑거즈 2,Banya Production,반야 프로덕션,180,180,NX - NXA,Arcade
CS066,Love is a Danger Zone pt.2 [Another],러브 이즈 어 데인저 존 pt.2 어나더,러브 이즈 어 댄저 존 pt.2 어나더,BanYa,반야,162,162,1st - Zero,Arcade
CS072,Do U Know That-Old School,두 유 노우 댓-올드 스쿨,두 유 노우 댓-올드 스쿨,Banya Production,반야 프로덕션,120,120,NX - NXA,Arcade
N/A,EXTRA BanYa Remix,엑스트라 반야 리믹스,엑스트라 반야 리믹스,Banya,반야,N/A,N/A,N/A,Remix
CS018,All I Want For X-mas,올 아이 원트 포 크리스마스,올 아이 원트 포 크리스마스,BanYa,반야,130,130,1st - Zero,Arcade
CS313,An Interesting View,서울구경,서울구경,BanYa,반야,160,160,1st - Zero,Arcade
CS036,Mission Possible,미션 파서블,미션 파서블,BanYa,반야,124,124,1st - Zero,Arcade
N/A,Caprice of DJ Otada,카프리스 오브 디제이 오타다,카프리스 오브 디제이 오타다,Banya Production,반야 프로덕션,N/A,N/A,N/A,Remix
CS044,Hello,헬로우,헬로우,BanYa,반야,140,140,1st - Zero,Arcade
CS021,Pump Jump,펌프 점프,펌프 점프,BanYa,반야,106,106,1st - Zero,Arcade
SS064,Moonlight - SHORT CUT -,월광 - SHORT CUT -,월광 - SHORT CUT -,Banya,반야,180,180,N/A,Short Cut
FS126,Interference - FULL SONG -,인터퍼런스 - FULL SONG -,인터퍼런스 - FULL SONG -,Doin,Doin,180.4,180.4,N/A,Full Song
CS054,Naissance 2,태동 2,태동2,BanYa,반야,129,129,1st - Zero,Arcade
FS195,Move That Body! - FULL SONG -,무브 댓 바디! - FULL SONG -,무브 댓 바디! - FULL SONG -,DM Ashura feat. Skizzo & Hanna,DM Ashura feat. Skizzo & Hanna,145,145,N/A,Full Song
FS065,Beat of The War 2 - FULL SONG -,비트 오브 더 워 2 - FULL SONG -,비트 오브 더 워 2 - FULL SONG -,YAHPP,이 얍,120-190,120-190,N/A,Full Song
CS077,Jam O Beat,잼 오 비트,잼 오 비트,Banya Production,반야 프로덕션,120,120,NX - NXA,Arcade
N/A,Money Fingers,머니 핑거즈,머니 핑거즈,Banya Production,반야 프로덕션,N/A,N/A,N/A,Remix
N/A,Dr.KOA,닥터 케이오에이,닥터 케이오에이,Banya Production,반야 프로덕션,N/A,N/A,N/A,Remix
FS640,HUSH - FULL SONG -,허쉬 - FULL SONG -,허쉬 - FULL SONG -,Yassi Pressman & Nadine Lustre,야시 프레스먼 & 나딘 러스트레,81.5,81.5,N/A,Full Song
CS008,A Nightmare,악몽,악몽,BanYa,반야,120,120,1st - Zero,Arcade
N/A,PaPa helloizing,파파 헬로이징,파파 헬로이징,Banya Production,반야 프로덕션,N/A,N/A,N/A,Remix
CS020,N,엔,엔,BanYa,반야,106,106,1st - Zero,Arcade
N/A,Banya-P Classic Remix,반야-P 클래식 리믹스,반야 P 클래식 리믹스,Banya Production,반야 프로덕션,N/A,N/A,N/A,Remix
CS112,Betrayer -act.2-,사랑가 -2막-,사랑가 -2막-,msgoon,엠.에스.군,92,92,FIESTA - FIESTA 2,Arcade
N/A,Trotpris - SHORT CUT -,트롯프리스 - SHORT CUT -,트롯프리스 - SHORT CUT -,Doin,Doin,N/A,N/A,N/A,Short Cut
SS617,Passacaglia - SHORT CUT -,파사칼리아 - SHORT CUT -,파사칼리아 - SHORT CUT -,SynthWulf,SynthWulf,175,175,N/A,Short Cut
SS195,Move That Body! - SHORT CUT -,무브 댓 바디! - SHORT CUT -,무브 댓 바디! - SHORT CUT -,DM Ashura feat. Skizzo & Hanna,DM Ashura feat. Skizzo & Hanna,145,145,N/A,Short Cut
SS148,FFF - SHORT CUT -,에프 에프 에프 - SHORT CUT -,에프 에프 에프 - SHORT CUT -,Doin,Doin,200,200,N/A,Short Cut
SS626,Stardust Overdrive - SHORT CUT -,스타더스트 오버드라이브 - SHORT CUT -,스타더스트 오버드라이브 - SHORT CUT -,typeMARS,typeMARS,175,175,N/A,Short Cut
CS005,Midnight Blue,미드나잇 블루,미드나잇 블루,BanYa,반야,80,80,1st - Zero,Arcade
N/A,Infinity RMX,인피니티 리믹스,인피니티 리믹스,SynthWulf & MAX,SynthWulf & 맥스,N/A,N/A,N/A,Remix
N/A,BANYA HIPHOP REMIX,반야 힙합 리믹스,반야 힙합 리믹스,BanYa,반야,N/A,N/A,N/A,Remix
N/A,"The People didn't know ""Pumping up""",사람들은 펌핑업을 몰랐다네,사람들은 펌핑업을 몰랐다네,Banya Production,반야 프로덕션,N/A,N/A,N/A,Remix
N/A,Banya Classic Remix,반야 클래식 리믹스,반야 클래식 리믹스,BanYa,반야,N/A,N/A,N/A,Remix
N/A,NX Opening - SHORT CUT -,NX 오프닝 - SHORT CUT -,NX 오프닝 - SHORT CUT -,YAHPP,이 얍,N/A,N/A,N/A,Short Cut
SS057,Solitary 2 - SHORT CUT -,무혼 2 - SHORT CUT -,무혼 2 - SHORT CUT -,Banya,반야,136,136,N/A,Short Cut
SS619,Selfishness - SHORT CUT -,셀피쉬니스 - SHORT CUT -,셀피쉬니스 - SHORT CUT -,SID-SOUND,시드사운드,160,160,N/A,Short Cut
N/A,B.P Classic Remix,반야 프로덕션 클래식 리믹스,반야 프로덕션 클래식 리믹스,Banya Production,반야 프로덕션,N/A,N/A,N/A,Remix
CS108,Do It Reggae Style,두 잇 레게 스타일,두 잇 레게 스타일,Banya Production,반야 프로덕션,96,96,FIESTA - FIESTA 2,Arcade
SS603,X-Rave - SHORT CUT -,엑스 레이브 - SHORT CUT -,엑스 레이브 - SHORT CUT -,DM Ashura,DM Ashura,147,147,N/A,Short Cut
SS144,U Got Me Rocking - SHORT CUT -,유 갓 미 락킹 - SHORT CUT -,유 갓 미 락킹 - SHORT CUT -,MAX,MAX,128,128,N/A,Short Cut
SS122,Overblow - SHORT CUT -,오버블로우 - SHORT CUT -,오버블로우 - SHORT CUT -,MAX,MAX,155,155,N/A,Short Cut
CS027,We will meet again,위 윌 밋 어게인,위 윌 밋 어게인,BanYa,반야,118,118,1st - Zero,Arcade
N/A,Exceed2 Opening - SHORT CUT -,익시드2 오프닝 - SHORT CUT -,익시드2 오프닝 - SHORT CUT -,Banya,반야,N/A,N/A,N/A,Short Cut
N/A,msgoon RMX pt.6,엠.에스.군 리믹스 파트.6,엠에스군 리믹스 파트.6,msgoon,엠.에스.군,N/A,N/A,N/A,Remix
N/A,Turkey Virus,터키 바이러스,터키 바이러스,Banya Production,반야 프로덕션,N/A,N/A,N/A,Remix
FS094,Chopsticks Challenge - FULL SONG -,젓가락 변주곡 - FULL SONG -,젓가락 변주곡 - FULL SONG -,YAHPP,이 얍,128,128,N/A,Full Song
SS091,K.O.A : Alice In Wonderworld - SHORT CUT -,케이.오.에이 : 엘리스 인 원더월드 - SHORT CUT -,케이.오.에이 : 엘리스 인 원더월드 - SHORT CUT -,Banya Production,반야 프로덕션,156,156,N/A,Short Cut
SS011,Final Audition 2 - SHORT CUT -,파이널 오디션 2 - SHORT CUT -,파이널 오디션 2 - SHORT CUT -,Banya,반야,130,130,N/A,Short Cut
N/A,B.P Classic Remix 2,반야 프로덕션 클래식 리믹스 2,반야 프로덕션 클래식 리믹스 2,Banya Production,반야 프로덕션,N/A,N/A,N/A,Remix
SS124,Take Out - SHORT CUT -,테이크 아웃 - SHORT CUT -,테이크 아웃 - SHORT CUT -,SHK,SHK,170,170,N/A,Short Cut
SS616,Pop The Track - SHORT CUT -,팝 더 트랙 - SHORT CUT -,팝 더 트랙 - SHORT CUT -,J-Mi & Midi-D & Ft. Hanna Stockzell,J-Mi & Midi-D & Ft. Hanna Stockzell,160,160,N/A,Short Cut
CS007,Close Your Eye,눈을 감아,눈을 감아,BanYa,반야,104,104,1st - Zero,Arcade
N/A,Ugly duck Toccata,미운 오리 토카타,미운 오리 토카타,Banya Production,반야 프로덕션,N/A,N/A,N/A,Remix
N/A,Set Up Me2 Mix,셋업 미투 믹스,셋업 미투 믹스,Banya Production,반야 프로덕션,N/A,N/A,N/A,Remix
SS147,Unique - SHORT CUT -,유니크 - SHORT CUT -,유니크 - SHORT CUT -,SHK,SHK,145,145,N/A,Short Cut
SS055,Final Audition 3 - SHORT CUT -,파이널 오디션 3 - SHORT CUT -,파이널 오디션 3 - SHORT CUT -,Banya,반야,130.5,130.5,N/A,Short Cut
CS366,PRiMA MATERiA,프ㄹi마 마테ㄹi아,프리마 마테리아,xi,xi,187,187,PHOENIX,Arcade
CS364,Solfeggietto,솔페지에토,솔페지에토,Fiverwater,Fiverwater,157,157,PHOENIX,Arcade
CS684,Destr0yer,디스트로0ㅣ어,디스트로이어,Sakuzyo,Sakuzyo,90,90,PHOENIX,Arcade
CS363,Lucid Dream,루시드 드림,루시드 드림,Cosmograph,코스모그래프,173,173,PHOENIX,Arcade
CS365,Le Nozze di Figaro ~Celebrazione Remix~,피가로의 결혼 ~Celebrazione Remix~,피가로의 결혼 ~Celebrazione Remix~,Sr. Lan Belmont,Sr. Lan Belmont,172,172,PHOENIX,Arcade
